ノヴェリスト,Monsun,Konigsstuhl,Dschingis Khan,Tamerlane,Persian Gulf,Bahram,Blandford,Swynford,John o'Gaunt
,,,,,,,,,Canterbury Pilgrim
,,,,,,,,Blanche,White Eagle
,,,,,,,,,Black Cherry
,,,,,,,Friar's Daughter,Friar Marcus,Cicero
,,,,,,,,,Prim Nun
,,,,,,,,Garron Lass,Roseland
,,,,,,,,,Concertina
,,,,,,Double Life,Bachelor's Double,Tredennis,Kendal
,,,,,,,,,St. Marguerite
,,,,,,,,Lady Bawn,Le Noir
,,,,,,,,,Milady
,,,,,,,Saint Joan,Willbrook,Grebe
,,,,,,,,,Nora Gough
,,,,,,,,Flo Desmond,Desmond
,,,,,,,,,Flighty Flo
,,,,,Eastern Empress,Nearco,Pharos,Phalaris,Polymelus
,,,,,,,,,Bromus
,,,,,,,,Scapa Flow,Chaucer
,,,,,,,,,Anchora
,,,,,,,Nogara,Havresac,Rabelais
,,,,,,,,,Hors Concours
,,,,,,,,Catnip,Spearmint
,,,,,,,,,Sibola
,,,,,,Cheveley Lady,Solario,Gainsborough,Bayardo
,,,,,,,,,Rosedrop
,,,,,,,,Sun Worship,Sundridge
,,,,,,,,,Doctrine
,,,,,,,Lady Marjorie,Sansovino,Swynford
,,,,,,,,,Gondolette
,,,,,,,,Florena,Orby
,,,,,,,,,Iaurinn
,,,,Donna Diana,Neckar,Ticino,Athanasius,Ferro,Landgraf
,,,,,,,,,Frauenlob
,,,,,,,,Athanasie,Laland
,,,,,,,,,Athene
,,,,,,,Terra,Aditi,Dark Ronald
,,,,,,,,,Aversion
,,,,,,,,Tenfelsrose,Robert le Diable
,,,,,,,,,Rosanna
,,,,,,Nixe,Arjaman,Herold,Dark Ronald
,,,,,,,,,Hornisse
,,,,,,,,Aditja,Fervor
,,,,,,,,,Aversion
,,,,,,,Nanon,Graf Isolani,Graf Ferry
,,,,,,,,,Isabella
,,,,,,,,Nella da Gubbio,Grand Parade
,,,,,,,,,Nera di Bicci
,,,,,Donatella,Allgau,Ortello,Teddy,Ajax
,,,,,,,,,Rondeau
,,,,,,,,Hollebeck,Gorgos
,,,,,,,,,Hilda
,,,,,,,Arabella,Buchan,Sunstar
,,,,,,,,,Hamoaze
,,,,,,,,Polly Flinders,Polymelus
,,,,,,,,,Pretty Polly
,,,,,,Blaue Donau,Ferro,Landgraf,Louviers
,,,,,,,,,Ladora
,,,,,,,,Frauenlob,Caius
,,,,,,,,,Farandole
,,,,,,,An der Wien,Prunus,Dark Ronald
,,,,,,,,,Pomegranate
,,,,,,,,Wiener Madel,William the Third
,,,,,,,,,Danubia
,,,Konigskronung,Tiepoletto,Tornado,Tourbillon,Ksar,Bruleur,Chouberski
,,,,,,,,,Basse Terre
,,,,,,,,Kizil Kourgan,Omnium
,,,,,,,,,Kasbah
,,,,,,,Durban,Durbar,Rabelais
,,,,,,,,,Armenia
,,,,,,,,Banshee,Irish Lad
,,,,,,,,,Frizette
,,,,,,Roseola,Swynford,John o'Gaunt,Isinglass
,,,,,,,,,La Fleche
,,,,,,,,Canterbury Pilgrim,Tristan
,,,,,,,,,Pilgrimage
,,,,,,,Roseway,Stornoway,Desmond
,,,,,,,,,Sisterlike
,,,,,,,,Rose of Ayrshire,Ayrshire
,,,,,,,,,Pink Flower
,,,,,Scarlet Skies,Blue Skies,Blandford,Swynford,John o'Gaunt
,,,,,,,,,Canterbury Pilgrim
,,,,,,,,Blanche,White Eagle
,,,,,,,,,Black Cherry
,,,,,,,Blue Pill,Sans Souci,Le Roi Soleil
,,,,,,,,,Sanctimony
,,,,,,,,Magnesie,Krakatoa
,,,,,,,,,Musareigne
,,,,,,Scarlet Quill,Scaramouche,Durbar,Rabelais
,,,,,,,,,Armenia
,,,,,,,,Saperlipopette,Cheri
,,,,,,,,,Satanella
,,,,,,,Red Quill,Rabelais,St. Simon
,,,,,,,,,Satirical
,,,,,,,,Fair Meddler,Meddler
,,,,,,,,,Fair Star
,,,,Kronung,Olymp,Arjaman,Herold,Dark Ronald,Bay Ronald
,,,,,,,,,Darkie
,,,,,,,,Hornisse,Ard Patrick
,,,,,,,,,Hortensia
,,,,,,,Aditja,Fervor,Galtee More
,,,,,,,,,Festa
,,,,,,,,Aversion,Nuage
,,,,,,,,,Antwort
,,,,,,Olympiade,Oleander,Prunus,Dark Ronald
,,,,,,,,,Pomegranate
,,,,,,,,Orchidee,Galtee More
,,,,,,,,,Orseis
,,,,,,,Osterfreude,Pazman,Pardon
,,,,,,,,,Patrie
,,,,,,,,Sachertorte,Percy
,,,,,,,,,Anna Sacher
,,,,,Kaiserkrone,Nebelwerfer,Magnat,Asterus,Teddy
,,,,,,,,,Astrella
,,,,,,,,Mafalda,Wallenstein
,,,,,,,,,Madam
,,,,,,,Newa,Arjaman,Herold
,,,,,,,,,Aditja
,,,,,,,,Numa,Aldford
,,,,,,,,,Numen
,,,,,,Kaiserwurde,Bubbles,La Farina,Sans Souci
,,,,,,,,,Malatesta
,,,,,,,,Spring Cleaning,Neil Gow
,,,,,,,,,Spring Night
,,,,,,,Katinka,Biribi,Rabelais
,,,,,,,,,La Bidouze
,,,,,,,,Killeen,St. Brendan
,,,,,,,,,Santina
,,Mosella,Surumu,Literat,Birkhahn,Alchimist,Herold,Dark Ronald,Bay Ronald
,,,,,,,,,Darkie
,,,,,,,,Hornisse,Ard Patrick
,,,,,,,,,Hortensia
,,,,,,,Aversion,Nuage,Simonian
,,,,,,,,,Nephte
,,,,,,,,Antwort,Ard Patrick
,,,,,,,,,Alveole
,,,,,,Bramouse,Cappiello,Apelle,Sardanapale
,,,,,,,,,Angelina
,,,,,,,,Kopje,Spion Kop
,,,,,,,,,Dutch Mary
,,,,,,,Peregrine,Phalaris,Polymelus
,,,,,,,,,Bromus
,,,,,,,,Clotho,Sunstar
,,,,,,,,,Jenny Melton
,,,,,Lis,Masetto,Olymp,Arjaman,Herold
,,,,,,,,,Aditja
,,,,,,,,Olympiade,Oleander
,,,,,,,,,Osterfreude
,,,,,,,Mimosa,Indus,Alcantara
,,,,,,,,,Himalaya
,,,,,,,,Marliese,Graf Ferry
,,,,,,,,,Marie Louise
,,,,,,Liebeslied,Ticino,Athanasius,Ferro
,,,,,,,,,Athanasie
,,,,,,,,Terra,Aditi
,,,,,,,,,Tenfelsrose
,,,,,,,Liebesgottin,Tourbillon,Ksar
,,,,,,,,,Durban
,,,,,,,,Legation,Herold
,,,,,,,,,Lovely naples
,,,,Surama,Birkhahn,Alchimist,Herold,Dark Ronald,Bay Ronald
,,,,,,,,,Darkie
,,,,,,,,Hornisse,Ard Patrick
,,,,,,,,,Hortensia
,,,,,,,Aversion,Nuage,Simonian
,,,,,,,,,Nephte
,,,,,,,,Antwort,Ard Patrick
,,,,,,,,,Alveole
,,,,,,Bramouse,Cappiello,Apelle,Sardanapale
,,,,,,,,,Angelina
,,,,,,,,Kopje,Spion Kop
,,,,,,,,,Dutch Mary
,,,,,,,Peregrine,Phalaris,Polymelus
,,,,,,,,,Bromus
,,,,,,,,Clotho,Sunstar
,,,,,,,,,Jenny Melton
,,,,,Lis,Masetto,Olymp,Arjaman,Herold
,,,,,,,,,Aditja
,,,,,,,,Olympiade,Oleander
,,,,,,,,,Osterfreude
,,,,,,,Mimosa,Indus,Alcantara
,,,,,,,,,Himalaya
,,,,,,,,Marliese,Graf Ferry
,,,,,,,,,Marie Louise
,,,,,,Liebeslied,Ticino,Athanasius,Ferro
,,,,,,,,,Athanasie
,,,,,,,,Terra,Aditi
,,,,,,,,,Tenfelsrose
,,,,,,,Liebesgottin,Tourbillon,Ksar
,,,,,,,,,Durban
,,,,,,,,Legation,Herold
,,,,,,,,,Lovely naples
,,,Monasia,Authi,Reliance,Tantieme,Deux Pour Cent,Deiri,Aethelstan
,,,,,,,,,Desra
,,,,,,,,Dix pour Cent,Feridoon
,,,,,,,,,La Chansonnerie
,,,,,,,Terka,Indus,Alcantara
,,,,,,,,,Himalaya
,,,,,,,,La Furka,Blandford
,,,,,,,,,Brenta
,,,,,,Relance,Relic,War Relic,Man o'War
,,,,,,,,,Friar's Carse
,,,,,,,,Bridal Colors,Black Toney
,,,,,,,,,Vaila
,,,,,,,Polaire,Le Volcan,Tourbillon
,,,,,,,,,Eroica
,,,,,,,,Stella Polaris,Papyrus
,,,,,,,,,Crepuscule
,,,,,Suncourt,Hyperion,Gainsborough,Bayardo,Bay Ronald
,,,,,,,,,Galicia
,,,,,,,,Rosedrop,St. Frusquin
,,,,,,,,,Rosaline
,,,,,,,Selene,Chaucer,St. Simon
,,,,,,,,,Canterbury Pilgrim
,,,,,,,,Serenissima,Minoru
,,,,,,,,,Gondolette
,,,,,,Inquisition,Dastur,Solario,Gainsborough
,,,,,,,,,Sun Worship
,,,,,,,,Friar's Daughter,Friar Marcus
,,,,,,,,,Garron Lass
,,,,,,,Jury,Hurry On,Marcovil
,,,,,,,,,Tout Suite
,,,,,,,,Trustful,Bachelor's Double
,,,,,,,,,Credenda
,,,,Monacensia,Aureole,Hyperion,Gainsborough,Bayardo,Bay Ronald
,,,,,,,,,Galicia
,,,,,,,,Rosedrop,St. Frusquin
,,,,,,,,,Rosaline
,,,,,,,Selene,Chaucer,St. Simon
,,,,,,,,,Canterbury Pilgrim
,,,,,,,,Serenissima,Minoru
,,,,,,,,,Gondolette
,,,,,,Angelola,Donatello,Blenheim,Blandford
,,,,,,,,,Malva
,,,,,,,,Delleana,Clarissimus
,,,,,,,,,Duccia di Buoninsegn
,,,,,,,Feola,Friar Marcus,Cicero
,,,,,,,,,Prim Nun
,,,,,,,,Aloe,Son-in-Law
,,,,,,,,,Alope
,,,,,Virtuous,Above Suspicion,Court Martial,Fair Trial,Fairway
,,,,,,,,,Lady Juror
,,,,,,,,Instantaneous,Hurry On
,,,,,,,,,Picture
,,,,,,,Above Board,Straight Deal,Solario
,,,,,,,,,Good Deal
,,,,,,,,Feola,Friar Marcus
,,,,,,,,,Aloe
,,,,,,Rose of India,Tulyar,Tehran,Bois Roussel
,,,,,,,,,Stafaralla
,,,,,,,,Neocracy,Nearco
,,,,,,,,,Harina
,,,,,,,Eastern Grandeur,Gold Bridge,Golden Boss
,,,,,,,,,Flying Diadem
,,,,,,,,China Maiden,Tai-Yang
,,,,,,,,,Bibi Sahiba
,Night Lagoon,Lagunas,イルドブルボン,Nijinsky,Kaiseradler,Nebelwerfer,Magnat,Asterus,Teddy
,,,,,,,,,Astrella
,,,,,,,,Mafalda,Wallenstein
,,,,,,,,,Madam
,,,,,,,Newa,Arjaman,Herold
,,,,,,,,,Aditja
,,,,,,,,Numa,Aldford
,,,,,,,,,Numen
,,,,,,Kaiserwurde,Bubbles,La Farina,Sans Souci
,,,,,,,,,Malatesta
,,,,,,,,Spring Cleaning,Neil Gow
,,,,,,,,,Spring Night
,,,,,,,Katinka,Biribi,Rabelais
,,,,,,,,,La Bidouze
,,,,,,,,Killeen,St. Brendan
,,,,,,,,,Santina
,,,,,Motette,Burgeff,Ticino,Athanasius,Ferro
,,,,,,,,,Athanasie
,,,,,,,,Terra,Aditi
,,,,,,,,,Tenfelsrose
,,,,,,,Bastani,Blenheim,Blandford
,,,,,,,,,Malva
,,,,,,,,Firouze Ranee,Son-in-Law
,,,,,,,,,Firouze Mahal
,,,,,,Morchel,Wildling,Arjaman,Herold
,,,,,,,,,Aditja
,,,,,,,,Willa,Pergolese
,,,,,,,,,Wilhelmine
,,,,,,,Morning Breeze,Cameronian,Pharos
,,,,,,,,,Una Cameron
,,,,,,,,Dawn-Wind,Sunstar
,,,,,,,,,Pretty Dark
,,,,Roseliere,Northern Dancer,Nearctic,Nearco,Pharos,Phalaris
,,,,,,,,,Scapa Flow
,,,,,,,,Nogara,Havresac
,,,,,,,,,Catnip
,,,,,,,Lady Angela,Hyperion,Gainsborough
,,,,,,,,,Selene
,,,,,,,,Sister Sarah,Abbots Trace
,,,,,,,,,Sarita
,,,,,,Natalma,Native Dancer,Polynesian,Unbreakable
,,,,,,,,,Black Polly
,,,,,,,,Geisha,Discovery
,,,,,,,,,Miyako
,,,,,,,Almahmoud,Mahmoud,Blenheim
,,,,,,,,,Mah Mahal
,,,,,,,,Arbitrator,Peace Chance
,,,,,,,,,Mother Goose
,,,,,Flaming Page,Bull Page,Bull Lea,Bull Dog,Teddy
,,,,,,,,,Plucky Liege
,,,,,,,,Rose Leaves,Ballot
,,,,,,,,,Colonial
,,,,,,,Our Page,Blue Larkspur,Black Servant
,,,,,,,,,Blossom Time
,,,,,,,,Occult,Dis Donc
,,,,,,,,,Bonnie Witch
,,,,,,Flaring Top,Menow,Pharamond,Phalaris
,,,,,,,,,Selene
,,,,,,,,Alcibiades,Supremus
,,,,,,,,,Regal Roman
,,,,,,,Flaming Top,Omaha,Gallant Fox
,,,,,,,,,Flambino
,,,,,,,,Firetop,Man o'War
,,,,,,,,,Summit
,,,Liranga,Literat,Northern Dancer,Nearctic,Nearco,Pharos,Phalaris
,,,,,,,,,Scapa Flow
,,,,,,,,Nogara,Havresac
,,,,,,,,,Catnip
,,,,,,,Lady Angela,Hyperion,Gainsborough
,,,,,,,,,Selene
,,,,,,,,Sister Sarah,Abbots Trace
,,,,,,,,,Sarita
,,,,,,Natalma,Native Dancer,Polynesian,Unbreakable
,,,,,,,,,Black Polly
,,,,,,,,Geisha,Discovery
,,,,,,,,,Miyako
,,,,,,,Almahmoud,Mahmoud,Blenheim
,,,,,,,,,Mah Mahal
,,,,,,,,Arbitrator,Peace Chance
,,,,,,,,,Mother Goose
,,,,,Flaming Page,Bull Page,Bull Lea,Bull Dog,Teddy
,,,,,,,,,Plucky Liege
,,,,,,,,Rose Leaves,Ballot
,,,,,,,,,Colonial
,,,,,,,Our Page,Blue Larkspur,Black Servant
,,,,,,,,,Blossom Time
,,,,,,,,Occult,Dis Donc
,,,,,,,,,Bonnie Witch
,,,,,,Flaring Top,Menow,Pharamond,Phalaris
,,,,,,,,,Selene
,,,,,,,,Alcibiades,Supremus
,,,,,,,,,Regal Roman
,,,,,,,Flaming Top,Omaha,Gallant Fox
,,,,,,,,,Flambino
,,,,,,,,Firetop,Man o'War
,,,,,,,,,Summit
,,,,Love In,Misti,Medium,Meridien,Tourbillon,Ksar
,,,,,,,,,Durban
,,,,,,,,Meriem,La Farina
,,,,,,,,,Elfina
,,,,,,,Melodie,Monarch,Tracery
,,,,,,,,,Teofani
,,,,,,,,Mitidja,Massine
,,,,,,,,,Myrica
,,,,,,Mist,Tornado,Tourbillon,Ksar
,,,,,,,,,Durban
,,,,,,,,Roseola,Swynford
,,,,,,,,,Roseway
,,,,,,,La Touche,Rienzo,Rialto
,,,,,,,,,L'Avalanche
,,,,,,,,La Rasina,Barneveldt
,,,,,,,,,Resenlieu
,,,,,Peace Rose,Fastnet Rock,Ocean Swell,Blue Peter,Fairway
,,,,,,,,,Fancy Free
,,,,,,,,Jiffy,Hurry On
,,,,,,,,,Juniata
,,,,,,,Stone of Fortune,Mahmoud,Blenheim
,,,,,,,,,Mah Mahal
,,,,,,,,Rosetta,Kantar
,,,,,,,,,Rose Red
,,,,,,La Paix,Seven Seas,Hyperion,Gainsborough
,,,,,,,,,Selene
,,,,,,,,Drift,Swynford
,,,,,,,,,Santa Cruz
,,,,,,,Anne de Bretagne,Teddy,Ajax
,,,,,,,,,Rondeau
,,,,,,,,Our Liz,William the Third
,,,,,,,,,Countess Resy
,,Nenuphar,Night Shift,Northern Dancer,Birkhahn,Alchimist,Herold,Dark Ronald,Bay Ronald
,,,,,,,,,Darkie
,,,,,,,,Hornisse,Ard Patrick
,,,,,,,,,Hortensia
,,,,,,,Aversion,Nuage,Simonian
,,,,,,,,,Nephte
,,,,,,,,Antwort,Ard Patrick
,,,,,,,,,Alveole
,,,,,,Bramouse,Cappiello,Apelle,Sardanapale
,,,,,,,,,Angelina
,,,,,,,,Kopje,Spion Kop
,,,,,,,,,Dutch Mary
,,,,,,,Peregrine,Phalaris,Polymelus
,,,,,,,,,Bromus
,,,,,,,,Clotho,Sunstar
,,,,,,,,,Jenny Melton
,,,,,Lis,Masetto,Olymp,Arjaman,Herold
,,,,,,,,,Aditja
,,,,,,,,Olympiade,Oleander
,,,,,,,,,Osterfreude
,,,,,,,Mimosa,Indus,Alcantara
,,,,,,,,,Himalaya
,,,,,,,,Marliese,Graf Ferry
,,,,,,,,,Marie Louise
,,,,,,Liebeslied,Ticino,Athanasius,Ferro
,,,,,,,,,Athanasie
,,,,,,,,Terra,Aditi
,,,,,,,,,Tenfelsrose
,,,,,,,Liebesgottin,Tourbillon,Ksar
,,,,,,,,,Durban
,,,,,,,,Legation,Herold
,,,,,,,,,Lovely naples
,,,,Ciboulette,Birkhahn,Alchimist,Herold,Dark Ronald,Bay Ronald
,,,,,,,,,Darkie
,,,,,,,,Hornisse,Ard Patrick
,,,,,,,,,Hortensia
,,,,,,,Aversion,Nuage,Simonian
,,,,,,,,,Nephte
,,,,,,,,Antwort,Ard Patrick
,,,,,,,,,Alveole
,,,,,,Bramouse,Cappiello,Apelle,Sardanapale
,,,,,,,,,Angelina
,,,,,,,,Kopje,Spion Kop
,,,,,,,,,Dutch Mary
,,,,,,,Peregrine,Phalaris,Polymelus
,,,,,,,,,Bromus
,,,,,,,,Clotho,Sunstar
,,,,,,,,,Jenny Melton
,,,,,Lis,Masetto,Olymp,Arjaman,Herold
,,,,,,,,,Aditja
,,,,,,,,Olympiade,Oleander
,,,,,,,,,Osterfreude
,,,,,,,Mimosa,Indus,Alcantara
,,,,,,,,,Himalaya
,,,,,,,,Marliese,Graf Ferry
,,,,,,,,,Marie Louise
,,,,,,Liebeslied,Ticino,Athanasius,Ferro
,,,,,,,,,Athanasie
,,,,,,,,Terra,Aditi
,,,,,,,,,Tenfelsrose
,,,,,,,Liebesgottin,Tourbillon,Ksar
,,,,,,,,,Durban
,,,,,,,,Legation,Herold
,,,,,,,,,Lovely naples
,,,Narola,Nebos,Crepello,Donatello,Blenheim,Blandford,Swynford
,,,,,,,,,Blanche
,,,,,,,,Malva,Charles O'Malley
,,,,,,,,,Wild Arum
,,,,,,,Delleana,Clarissimus,Radium
,,,,,,,,,Quintessence
,,,,,,,,Duccia di Buoninsegn,Bridge of Earn
,,,,,,,,,Dutch Mary
,,,,,,Crepuscule,Mieuxce,Massine,Consols
,,,,,,,,,Mauri
,,,,,,,,L'Olivete,Opott
,,,,,,,,,Jonicole
,,,,,,,Red Sunset,Solario,Gainsborough
,,,,,,,,,Sun Worship
,,,,,,,,Dulce,Asterus
,,,,,,,,,Dorina
,,,,,Tudor Love,Owen Tudor,Hyperion,Gainsborough,Bayardo
,,,,,,,,,Rosedrop
,,,,,,,,Selene,Chaucer
,,,,,,,,,Serenissima
,,,,,,,Mary Tudor,Pharos,Phalaris
,,,,,,,,,Scapa Flow
,,,,,,,,Anna Bolena,Teddy
,,,,,,,,,Queen Elizabeth
,,,,,,Amora,Arbar,Djebel,Tourbillon
,,,,,,,,,Loika
,,,,,,,,Astronomie,Asterus
,,,,,,,,,Likka
,,,,,,,Temora,Tourbillon,Ksar
,,,,,,,,,Durban
,,,,,,,,Pharyva,Pharos
,,,,,,,,,Souryva
,,,,Nubia,Nearctic,Nearco,Pharos,Phalaris,Polymelus
,,,,,,,,,Bromus
,,,,,,,,Scapa Flow,Chaucer
,,,,,,,,,Anchora
,,,,,,,Nogara,Havresac,Rabelais
,,,,,,,,,Hors Concours
,,,,,,,,Catnip,Spearmint
,,,,,,,,,Sibola
,,,,,,Lady Angela,Hyperion,Gainsborough,Bayardo
,,,,,,,,,Rosedrop
,,,,,,,,Selene,Chaucer
,,,,,,,,,Serenissima
,,,,,,,Sister Sarah,Abbots Trace,Tracery
,,,,,,,,,Abbots Anne
,,,,,,,,Sarita,Swynford
,,,,,,,,,Molly Desmond
,,,,,Natalma,Native Dancer,Polynesian,Unbreakable,Sickle
,,,,,,,,,Blue Glass
,,,,,,,,Black Polly,Polymelian
,,,,,,,,,Black Queen
,,,,,,,Geisha,Discovery,Display
,,,,,,,,,Ariadne
,,,,,,,,Miyako,John P. Grier
,,,,,,,,,La Chica
,,,,,,Almahmoud,Mahmoud,Blenheim,Blandford
,,,,,,,,,Malva
,,,,,,,,Mah Mahal,Gainsborough
,,,,,,,,,Mumtaz Mahal
,,,,,,,Arbitrator,Peace Chance,Chance Shot
,,,,,,,,,Peace
,,,,,,,,Mother Goose,Chicle
,,,,,,,,,Flying Witch
ランズエッジ,ダンスインザダーク,サンデーサイレンス,Halo,Hail to Reason,Nearctic,Nearco,Pharos,Phalaris,Polymelus
,,,,,,,,,Bromus
,,,,,,,,Scapa Flow,Chaucer
,,,,,,,,,Anchora
,,,,,,,Nogara,Havresac,Rabelais
,,,,,,,,,Hors Concours
,,,,,,,,Catnip,Spearmint
,,,,,,,,,Sibola
,,,,,,Lady Angela,Hyperion,Gainsborough,Bayardo
,,,,,,,,,Rosedrop
,,,,,,,,Selene,Chaucer
,,,,,,,,,Serenissima
,,,,,,,Sister Sarah,Abbots Trace,Tracery
,,,,,,,,,Abbots Anne
,,,,,,,,Sarita,Swynford
,,,,,,,,,Molly Desmond
,,,,,Natalma,Native Dancer,Polynesian,Unbreakable,Sickle
,,,,,,,,,Blue Glass
,,,,,,,,Black Polly,Polymelian
,,,,,,,,,Black Queen
,,,,,,,Geisha,Discovery,Display
,,,,,,,,,Ariadne
,,,,,,,,Miyako,John P. Grier
,,,,,,,,,La Chica
,,,,,,Almahmoud,Mahmoud,Blenheim,Blandford
,,,,,,,,,Malva
,,,,,,,,Mah Mahal,Gainsborough
,,,,,,,,,Mumtaz Mahal
,,,,,,,Arbitrator,Peace Chance,Chance Shot
,,,,,,,,,Peace
,,,,,,,,Mother Goose,Chicle
,,,,,,,,,Flying Witch
,,,,Cosmah,Nearctic,Nearco,Pharos,Phalaris,Polymelus
,,,,,,,,,Bromus
,,,,,,,,Scapa Flow,Chaucer
,,,,,,,,,Anchora
,,,,,,,Nogara,Havresac,Rabelais
,,,,,,,,,Hors Concours
,,,,,,,,Catnip,Spearmint
,,,,,,,,,Sibola
,,,,,,Lady Angela,Hyperion,Gainsborough,Bayardo
,,,,,,,,,Rosedrop
,,,,,,,,Selene,Chaucer
,,,,,,,,,Serenissima
,,,,,,,Sister Sarah,Abbots Trace,Tracery
,,,,,,,,,Abbots Anne
,,,,,,,,Sarita,Swynford
,,,,,,,,,Molly Desmond
,,,,,Natalma,Native Dancer,Polynesian,Unbreakable,Sickle
,,,,,,,,,Blue Glass
,,,,,,,,Black Polly,Polymelian
,,,,,,,,,Black Queen
,,,,,,,Geisha,Discovery,Display
,,,,,,,,,Ariadne
,,,,,,,,Miyako,John P. Grier
,,,,,,,,,La Chica
,,,,,,Almahmoud,Mahmoud,Blenheim,Blandford
,,,,,,,,,Malva
,,,,,,,,Mah Mahal,Gainsborough
,,,,,,,,,Mumtaz Mahal
,,,,,,,Arbitrator,Peace Chance,Chance Shot
,,,,,,,,,Peace
,,,,,,,,Mother Goose,Chicle
,,,,,,,,,Flying Witch
,,,Wishing Well,Understanding,Chop Chop,Flares,Gallant Fox,Sir Gallahad,Teddy
,,,,,,,,,Plucky Liege
,,,,,,,,Marguerite,Celt
,,,,,,,,,Fairy Ray
,,,,,,,Flambino,Wrack,Robert le Diable
,,,,,,,,,Samphire
,,,,,,,,Flambette,Durbar
,,,,,,,,,La Flambee
,,,,,,Sceptical,Buchan,Sunstar,Sundridge
,,,,,,,,,Doris
,,,,,,,,Hamoaze,Torpoint
,,,,,,,,,Maid of the Mist
,,,,,,,Clodagh,Tredennis,Kendal
,,,,,,,,,St. Marguerite
,,,,,,,,Clare,Desmond
,,,,,,,,,Sheila
,,,,,Windy Answer,Windfields,Bunty Lawless,Ladder,Ladkin
,,,,,,,,,Panoply
,,,,,,,,Mintwina,Mint Briar
,,,,,,,,,Edwina
,,,,,,,Nandi,Stimulus,Ultimus
,,,,,,,,,Hurakan
,,,,,,,,Golden Feast,Golden Sun
,,,,,,,,,Mi-Careme
,,,,,,Reply,Teddy Wrack,Bull Dog,Teddy
,,,,,,,,,Plucky Liege
,,,,,,,,Decree,Wrack
,,,,,,,,,Royal Message
,,,,,,,Alaris,Alsab,Good Goods
,,,,,,,,,Winds Chant
,,,,,,,,Algalla,Sir Gallahad
,,,,,,,,,Firewater
,,,,Mountain Flower,Caro,フォルティノ,Grey Sovereign,Nasrullah,Nearco
,,,,,,,,,Mumtaz Begum
,,,,,,,,Kong,Baytown
,,,,,,,,,Clang
,,,,,,,Ranavalo,Relic,War Relic
,,,,,,,,,Bridal Colors
,,,,,,,,Navarra,Orsenigo
,,,,,,,,,Nervesa
,,,,,,Chambord,Chamossaire,Precipitation,Hurry On
,,,,,,,,,Double Life
,,,,,,,,Snowberry,Cameronian
,,,,,,,,,Myrobella
,,,,,,,Life Hill,Solario,Gainsborough
,,,,,,,,,Sun Worship
,,,,,,,,Lady of the Snows,Manna
,,,,,,,,,Arctic Night
,,,,,Nostrana,Botticelli,Blue Peter,Fairway,Phalaris
,,,,,,,,,Scapa Flow
,,,,,,,,Fancy Free,Stefan the Great
,,,,,,,,,Celiba
,,,,,,,Buonamica,Niccolo Dell'Arca,Coronach
,,,,,,,,,Nogara
,,,,,,,,Bernina,Pharos
,,,,,,,,,Bunworry
,,,,,,Naxos,Ticino,Athanasius,Ferro
,,,,,,,,,Athanasie
,,,,,,,,Terra,Aditi
,,,,,,,,,Tenfelsrose
,,,,,,,Nixe,Arjaman,Herold
,,,,,,,,,Aditja
,,,,,,,,Nanon,Graf Isolani
,,,,,,,,,Nella da Gubbio
,,ダンシングキイ,Nijinsky,Northern Dancer,Tuttlinger,Alpenkonig,Tamerlane,Persian Gulf,Bahram
,,,,,,,,,Double Life
,,,,,,,,Eastern Empress,Nearco
,,,,,,,,,Cheveley Lady
,,,,,,,Alpenlerche,Birkhahn,Alchimist
,,,,,,,,,Bramouse
,,,,,,,,Ascona,Mangon
,,,,,,,,,Alma Mater
,,,,,,Triest,Zank,Neckar,Ticino
,,,,,,,,,Nixe
,,,,,,,,Zacateca,Zuccarello
,,,,,,,,,Katherine Roet
,,,,,,,Tannhalde,Mangon,Gundomar
,,,,,,,,,Mainkur
,,,,,,,,Traube,Wildling
,,,,,,,,,Treue
,,,,,Night Music,Priamos,Birkhahn,Alchimist,Herold
,,,,,,,,,Aversion
,,,,,,,,Bramouse,Cappiello
,,,,,,,,,Peregrine
,,,,,,,Palazzo,Dante,Nearco
,,,,,,,,,Rosy Legend
,,,,,,,,Edifice,Monument
,,,,,,,,,Phalconia
,,,,,,Nigeria,Right Boy,Impeccable,His Highness
,,,,,,,,,Mairi Bhan
,,,,,,,,Happy Ogan,Ballyogan
,,,,,,,,,Content
,,,,,,,Nona,Oise,Verso
,,,,,,,,,Fior d'Orchidea
,,,,,,,,Naxos,Ticino
,,,,,,,,,Nixe
,,,,Flaming Page,Turn-to,Royal Charger,Nearco,Pharos,Phalaris
,,,,,,,,,Scapa Flow
,,,,,,,,Nogara,Havresac
,,,,,,,,,Catnip
,,,,,,,Sun Princess,Solario,Gainsborough
,,,,,,,,,Sun Worship
,,,,,,,,Mumtaz Begum,Blenheim
,,,,,,,,,Mumtaz Mahal
,,,,,,Source Sucree,Admiral Drake,Craig an Eran,Sunstar
,,,,,,,,,Maid of the Mist
,,,,,,,,Plucky Liege,Spearmint
,,,,,,,,,Concertina
,,,,,,,Lavendula,Pharos,Phalaris
,,,,,,,,,Scapa Flow
,,,,,,,,Sweet Lavender,Swynford
,,,,,,,,,Marchetta
,,,,,Nothirdchance,Blue Swords,Blue Larkspur,Black Servant,Black Toney
,,,,,,,,,Padula
,,,,,,,,Blossom Time,North Star
,,,,,,,,,Vaila
,,,,,,,Flaming Swords,Man o'War,Fair Play
,,,,,,,,,Mahubah
,,,,,,,,Exalted,High Time
,,,,,,,,,Lady Comfey
,,,,,,Galla Colors,Sir Gallahad,Teddy,Ajax
,,,,,,,,,Rondeau
,,,,,,,,Plucky Liege,Spearmint
,,,,,,,,,Concertina
,,,,,,,Rouge et Noir,St. Germans,Swynford
,,,,,,,,,Hamoaze
,,,,,,,,Baton Rouge,Man o'War
,,,,,,,,,Baton
,,,Key Partner,Key to the Mint,Cosmic Bomb,Pharamond,Phalaris,Polymelus,Cyllene
,,,,,,,,,Maid Marian
,,,,,,,,Bromus,Sainfoin
,,,,,,,,,Cheery
,,,,,,,Selene,Chaucer,St. Simon
,,,,,,,,,Canterbury Pilgrim
,,,,,,,,Serenissima,Minoru
,,,,,,,,,Gondolette
,,,,,,Banish Fear,Blue Larkspur,Black Servant,Black Toney
,,,,,,,,,Padula
,,,,,,,,Blossom Time,North Star
,,,,,,,,,Vaila
,,,,,,,Herodiade,Over There,Spearmint
,,,,,,,,,Summer Girl
,,,,,,,,Herodias,The Tetrarch
,,,,,,,,,Honora
,,,,,Almahmoud,Mahmoud,Blenheim,Blandford,Swynford
,,,,,,,,,Blanche
,,,,,,,,Malva,Charles O'Malley
,,,,,,,,,Wild Arum
,,,,,,,Mah Mahal,Gainsborough,Bayardo
,,,,,,,,,Rosedrop
,,,,,,,,Mumtaz Mahal,The Tetrarch
,,,,,,,,,Lady Josephine
,,,,,,Arbitrator,Peace Chance,Chance Shot,Fair Play
,,,,,,,,,Quelle Chance
,,,,,,,,Peace,Stefan the Great
,,,,,,,,,Memories
,,,,,,,Mother Goose,Chicle,Spearmint
,,,,,,,,,Lady Hamburg
,,,,,,,,Flying Witch,Broomstick
,,,,,,,,,Fly by Night
,,,,Native Partner,Promised Land,Palestinian,Sun Again,Sun Teddy,Teddy
,,,,,,,,,Sunmelia
,,,,,,,,Hug Again,Stimulus
,,,,,,,,,Affection
,,,,,,,Dolly Whisk,Whiskaway,Whisk Broom
,,,,,,,,,Inaugural
,,,,,,,,Dolly Seth,Seth
,,,,,,,,,Royal Dolly
,,,,,,Mahmoudess,Mahmoud,Blenheim,Blandford
,,,,,,,,,Malva
,,,,,,,,Mah Mahal,Gainsborough
,,,,,,,,,Mumtaz Mahal
,,,,,,,Forever Yours,Toro,The Porter
,,,,,,,,,Brocatelle
,,,,,,,,Winsome Way,Tetratema
,,,,,,,,,Last Ray
,,,,,Pretty Ways,Stymie,Equestrian,Equipoise,Pennant
,,,,,,,,,Swinging
,,,,,,,,Frilette,Man o'War
,,,,,,,,,Frillery
,,,,,,,Stop Watch,On Watch,Colin
,,,,,,,,,Rubia Granda
,,,,,,,,Sunset Gun,Man o'War
,,,,,,,,,Eventide
,,,,,,Pretty Jo,Bull Lea,Bull Dog,Teddy
,,,,,,,,,Plucky Liege
,,,,,,,,Rose Leaves,Ballot
,,,,,,,,,Colonial
,,,,,,,Fib,Westy Hogan,Dick Finnell
,,,,,,,,,Carrie Jones
,,,,,,,,Hyperbole,Jack Atkin
,,,,,,,,,Land League
,ウインドインハーヘア,Alzao,Lyphard,Northern Dancer,Montparnasse,Gulf Stream,Hyperion,Gainsborough,Bayardo
,,,,,,,,,Rosedrop
,,,,,,,,Selene,Chaucer
,,,,,,,,,Serenissima
,,,,,,,Tide-way,Fairway,Phalaris
,,,,,,,,,Scapa Flow
,,,,,,,,Drift,Swynford
,,,,,,,,,Santa Cruz
,,,,,,Mignon,Fox Cub,Foxhunter,Foxlaw
,,,,,,,,,Trimestral
,,,,,,,,Dorina,La Farina
,,,,,,,,,Dora Agnes
,,,,,,,Mi Condesa,Barranquero,Verdun
,,,,,,,,,Barandilla
,,,,,,,,Pethy,Tiny
,,,,,,,,,La Pinguina
,,,,,Edelweiss,Hillary,Khaled,Hyperion,Gainsborough
,,,,,,,,,Selene
,,,,,,,,Eclair,Ethnarch
,,,,,,,,,Black Ray
,,,,,,,Snow Bunny,Boswell,Bosworth
,,,,,,,,,Flying Gal
,,,,,,,,La Rose,Jacopo
,,,,,,,,,La Rambla
,,,,,,Dowager,Free France,Man o'War,Fair Play
,,,,,,,,,Mahubah
,,,,,,,,La France,Sir Gallahad
,,,,,,,,,Flambette
,,,,,,,Marcellina,Figaro,Colorado
,,,,,,,,,Tillywhim
,,,,,,,,Belle Mere,Son-in-Law
,,,,,,,,,Cinna
,,,,Goofed,Nearctic,Nearco,Pharos,Phalaris,Polymelus
,,,,,,,,,Bromus
,,,,,,,,Scapa Flow,Chaucer
,,,,,,,,,Anchora
,,,,,,,Nogara,Havresac,Rabelais
,,,,,,,,,Hors Concours
,,,,,,,,Catnip,Spearmint
,,,,,,,,,Sibola
,,,,,,Lady Angela,Hyperion,Gainsborough,Bayardo
,,,,,,,,,Rosedrop
,,,,,,,,Selene,Chaucer
,,,,,,,,,Serenissima
,,,,,,,Sister Sarah,Abbots Trace,Tracery
,,,,,,,,,Abbots Anne
,,,,,,,,Sarita,Swynford
,,,,,,,,,Molly Desmond
,,,,,Natalma,Native Dancer,Polynesian,Unbreakable,Sickle
,,,,,,,,,Blue Glass
,,,,,,,,Black Polly,Polymelian
,,,,,,,,,Black Queen
,,,,,,,Geisha,Discovery,Display
,,,,,,,,,Ariadne
,,,,,,,,Miyako,John P. Grier
,,,,,,,,,La Chica
,,,,,,Almahmoud,Mahmoud,Blenheim,Blandford
,,,,,,,,,Malva
,,,,,,,,Mah Mahal,Gainsborough
,,,,,,,,,Mumtaz Mahal
,,,,,,,Arbitrator,Peace Chance,Chance Shot
,,,,,,,,,Peace
,,,,,,,,Mother Goose,Chicle
,,,,,,,,,Flying Witch
,,,Lady Rebecca,Sir Ivor,Nearctic,Nearco,Pharos,Phalaris,Polymelus
,,,,,,,,,Bromus
,,,,,,,,Scapa Flow,Chaucer
,,,,,,,,,Anchora
,,,,,,,Nogara,Havresac,Rabelais
,,,,,,,,,Hors Concours
,,,,,,,,Catnip,Spearmint
,,,,,,,,,Sibola
,,,,,,Lady Angela,Hyperion,Gainsborough,Bayardo
,,,,,,,,,Rosedrop
,,,,,,,,Selene,Chaucer
,,,,,,,,,Serenissima
,,,,,,,Sister Sarah,Abbots Trace,Tracery
,,,,,,,,,Abbots Anne
,,,,,,,,Sarita,Swynford
,,,,,,,,,Molly Desmond
,,,,,Natalma,Native Dancer,Polynesian,Unbreakable,Sickle
,,,,,,,,,Blue Glass
,,,,,,,,Black Polly,Polymelian
,,,,,,,,,Black Queen
,,,,,,,Geisha,Discovery,Display
,,,,,,,,,Ariadne
,,,,,,,,Miyako,John P. Grier
,,,,,,,,,La Chica
,,,,,,Almahmoud,Mahmoud,Blenheim,Blandford
,,,,,,,,,Malva
,,,,,,,,Mah Mahal,Gainsborough
,,,,,,,,,Mumtaz Mahal
,,,,,,,Arbitrator,Peace Chance,Chance Shot
,,,,,,,,,Peace
,,,,,,,,Mother Goose,Chicle
,,,,,,,,,Flying Witch
,,,,Pocahontas,Nearctic,Nearco,Pharos,Phalaris,Polymelus
,,,,,,,,,Bromus
,,,,,,,,Scapa Flow,Chaucer
,,,,,,,,,Anchora
,,,,,,,Nogara,Havresac,Rabelais
,,,,,,,,,Hors Concours
,,,,,,,,Catnip,Spearmint
,,,,,,,,,Sibola
,,,,,,Lady Angela,Hyperion,Gainsborough,Bayardo
,,,,,,,,,Rosedrop
,,,,,,,,Selene,Chaucer
,,,,,,,,,Serenissima
,,,,,,,Sister Sarah,Abbots Trace,Tracery
,,,,,,,,,Abbots Anne
,,,,,,,,Sarita,Swynford
,,,,,,,,,Molly Desmond
,,,,,Natalma,Native Dancer,Polynesian,Unbreakable,Sickle
,,,,,,,,,Blue Glass
,,,,,,,,Black Polly,Polymelian
,,,,,,,,,Black Queen
,,,,,,,Geisha,Discovery,Display
,,,,,,,,,Ariadne
,,,,,,,,Miyako,John P. Grier
,,,,,,,,,La Chica
,,,,,,Almahmoud,Mahmoud,Blenheim,Blandford
,,,,,,,,,Malva
,,,,,,,,Mah Mahal,Gainsborough
,,,,,,,,,Mumtaz Mahal
,,,,,,,Arbitrator,Peace Chance,Chance Shot
,,,,,,,,,Peace
,,,,,,,,Mother Goose,Chicle
,,,,,,,,,Flying Witch
,,Burghclere,Busted,Crepello,Bull Page,Bull Lea,Bull Dog,Teddy,Ajax
,,,,,,,,,Rondeau
,,,,,,,,Plucky Liege,Spearmint
,,,,,,,,,Concertina
,,,,,,,Rose Leaves,Ballot,Voter
,,,,,,,,,Cerito
,,,,,,,,Colonial,Trenton
,,,,,,,,,Thankful Blossom
,,,,,,Our Page,Blue Larkspur,Black Servant,Black Toney
,,,,,,,,,Padula
,,,,,,,,Blossom Time,North Star
,,,,,,,,,Vaila
,,,,,,,Occult,Dis Donc,Sardanapale
,,,,,,,,,Lady Hamburg
,,,,,,,,Bonnie Witch,Broomstick
,,,,,,,,,Bonnie Star
,,,,,Flaring Top,Menow,Pharamond,Phalaris,Polymelus
,,,,,,,,,Bromus
,,,,,,,,Selene,Chaucer
,,,,,,,,,Serenissima
,,,,,,,Alcibiades,Supremus,Ultimus
,,,,,,,,,Mandy Hamilton
,,,,,,,,Regal Roman,Roi Herode
,,,,,,,,,Lady Cicero
,,,,,,Flaming Top,Omaha,Gallant Fox,Sir Gallahad
,,,,,,,,,Marguerite
,,,,,,,,Flambino,Wrack
,,,,,,,,,Flambette
,,,,,,,Firetop,Man o'War,Fair Play
,,,,,,,,,Mahubah
,,,,,,,,Summit,Ultimus
,,,,,,,,,Torpenhow
,,,,Sans le Sou,Graustark,Ribot,Tenerani,Bellini,Cavaliere d'Arpino
,,,,,,,,,Bella Minna
,,,,,,,,Tofanella,Apelle
,,,,,,,,,Try Try Again
,,,,,,,Romanella,El Greco,Pharos
,,,,,,,,,Gay Gamp
,,,,,,,,Barbara Burrini,Papyrus
,,,,,,,,,Bucolic
,,,,,,Flower Bowl,Alibhai,Hyperion,Gainsborough
,,,,,,,,,Selene
,,,,,,,,Teresina,Tracery
,,,,,,,,,Blue Tit
,,,,,,,Flower Bed,Beau Pere,Son-in-Law
,,,,,,,,,Cinna
,,,,,,,,Boudoir,Mahmoud
,,,,,,,,,Kampala
,,,,,Key Bridge,Princequillo,Prince Rose,Rose Prince,Prince Palatine
,,,,,,,,,Eglantine
,,,,,,,,Indolence,Gay Crusader
,,,,,,,,,Barrier
,,,,,,,Cosquilla,Papyrus,Tracery
,,,,,,,,,Miss Matty
,,,,,,,,Quick Thought,White Eagle
,,,,,,,,,Mindful
,,,,,,Blue Banner,War Admiral,Man o'War,Fair Play
,,,,,,,,,Mahubah
,,,,,,,,Brushup,Sweep
,,,,,,,,,Annette K.
,,,,,,,Risque Blue,Blue Larkspur,Black Servant
,,,,,,,,,Blossom Time
,,,,,,,,Risque,Stimulus
,,,,,,,,,Risky
,,,Highclere,Queen's Hussar,Raise a Native,Native Dancer,Polynesian,Unbreakable,Sickle
,,,,,,,,,Blue Glass
,,,,,,,,Black Polly,Polymelian
,,,,,,,,,Black Queen
,,,,,,,Geisha,Discovery,Display
,,,,,,,,,Ariadne
,,,,,,,,Miyako,John P. Grier
,,,,,,,,,La Chica
,,,,,,Raise You,Case Ace,Teddy,Ajax
,,,,,,,,,Rondeau
,,,,,,,,Sweetheart,Ultimus
,,,,,,,,,Humanity
,,,,,,,Lady Glory,American Flag,Man o'War
,,,,,,,,,Lady Comfey
,,,,,,,,Beloved,Whisk Broom
,,,,,,,,,Bill and Coo
,,,,,Dinner Partner,Tom Fool,Menow,Pharamond,Phalaris
,,,,,,,,,Selene
,,,,,,,,Alcibiades,Supremus
,,,,,,,,,Regal Roman
,,,,,,,Gaga,Bull Dog,Teddy
,,,,,,,,,Plucky Liege
,,,,,,,,Alpoise,Equipoise
,,,,,,,,,Laughing Queen
,,,,,,Bluehaze,Blue Larkspur,Black Servant,Black Toney
,,,,,,,,,Padula
,,,,,,,,Blossom Time,North Star
,,,,,,,,,Vaila
,,,,,,,Flaming Swords,Man o'War,Fair Play
,,,,,,,,,Mahubah
,,,,,,,,Exalted,High Time
,,,,,,,,,Lady Comfey
,,,,Highlight,Nearctic,Nearco,Pharos,Phalaris,Polymelus
,,,,,,,,,Bromus
,,,,,,,,Scapa Flow,Chaucer
,,,,,,,,,Anchora
,,,,,,,Nogara,Havresac,Rabelais
,,,,,,,,,Hors Concours
,,,,,,,,Catnip,Spearmint
,,,,,,,,,Sibola
,,,,,,Lady Angela,Hyperion,Gainsborough,Bayardo
,,,,,,,,,Rosedrop
,,,,,,,,Selene,Chaucer
,,,,,,,,,Serenissima
,,,,,,,Sister Sarah,Abbots Trace,Tracery
,,,,,,,,,Abbots Anne
,,,,,,,,Sarita,Swynford
,,,,,,,,,Molly Desmond
,,,,,Natalma,Native Dancer,Polynesian,Unbreakable,Sickle
,,,,,,,,,Blue Glass
,,,,,,,,Black Polly,Polymelian
,,,,,,,,,Black Queen
,,,,,,,Geisha,Discovery,Display
,,,,,,,,,Ariadne
,,,,,,,,Miyako,John P. Grier
,,,,,,,,,La Chica
,,,,,,Almahmoud,Mahmoud,Blenheim,Blandford
,,,,,,,,,Malva
,,,,,,,,Mah Mahal,Gainsborough
,,,,,,,,,Mumtaz Mahal
,,,,,,,Arbitrator,Peace Chance,Chance Shot
,,,,,,,,,Peace
,,,,,,,,Mother Goose,Chicle
,,,,,,,,,Flying Witch
