ロードカナロア,キングカメハメハ,Kingmambo,Mr. Prospector,Raise a Native,Native Dancer,Polynesian,Unbreakable,Sickle,Phalaris
,,,,,,,,,Selene
,,,,,,,,Blue Glass,Prince Palatine
,,,,,,,,,Hour Glass
,,,,,,,Black Polly,Polymelian,Polymelus
,,,,,,,,,Pasquita
,,,,,,,,Black Queen,Pompey
,,,,,,,,,Black Maria
,,,,,,Geisha,Discovery,Display,Fair Play
,,,,,,,,,Cicuta
,,,,,,,,Ariadne,Light Brigade
,,,,,,,,,Adrienne
,,,,,,,Miyako,John P. Grier,Whisk Broom
,,,,,,,,,Wonder
,,,,,,,,La Chica,Sweep
,,,,,,,,,La Grisette
,,,,,Raise You,Case Ace,Teddy,Ajax,Flying Fox
,,,,,,,,,Amie
,,,,,,,,Rondeau,Bay Ronald
,,,,,,,,,Doremi
,,,,,,,Sweetheart,Ultimus,Commando
,,,,,,,,,Running Stream
,,,,,,,,Humanity,Voter
,,,,,,,,,Red Cross
,,,,,,Lady Glory,American Flag,Man o'War,Fair Play
,,,,,,,,,Mahubah
,,,,,,,,Lady Comfey,Roi Herode
,,,,,,,,,Snoot
,,,,,,,Beloved,Whisk Broom,Broomstick
,,,,,,,,,Audience
,,,,,,,,Bill and Coo,Helmet
,,,,,,,,,Padula
,,,,Gold Digger,Nashua,Nasrullah,Nearco,Pharos,Phalaris
,,,,,,,,,Scapa Flow
,,,,,,,,Nogara,Havresac
,,,,,,,,,Catnip
,,,,,,,Mumtaz Begum,Blenheim,Blandford
,,,,,,,,,Malva
,,,,,,,,Mumtaz Mahal,The Tetrarch
,,,,,,,,,Lady Josephine
,,,,,,Segula,Johnstown,Jamestown,St. James
,,,,,,,,,Mlle. Dazie
,,,,,,,,La France,Sir Gallahad
,,,,,,,,,Flambette
,,,,,,,Sekhmet,Sardanapale,Prestige
,,,,,,,,,Gemma
,,,,,,,,Prosopopee,Sans Souci
,,,,,,,,,Peroraison
,,,,,Sequence,Count Fleet,Reigh Count,Sunreigh,Sundridge
,,,,,,,,,Sweet Briar
,,,,,,,,Contessina,Count Schomberg
,,,,,,,,,Pitti
,,,,,,,Quickly,Haste,メントナン
,,,,,,,,,Miss Malaprop
,,,,,,,,Stephanie,Stefan the Great
,,,,,,,,,Malachite
,,,,,,Miss Dogwood,Bull Dog,Teddy,Ajax
,,,,,,,,,Rondeau
,,,,,,,,Plucky Liege,Spearmint
,,,,,,,,,Concertina
,,,,,,,Myrtlewood,Blue Larkspur,Black Servant
,,,,,,,,,Blossom Time
,,,,,,,,Frizeur,Sweeper
,,,,,,,,,Frizette
,,,Miesque,Nureyev,Northern Dancer,Nearctic,Nearco,Pharos,Phalaris
,,,,,,,,,Scapa Flow
,,,,,,,,Nogara,Havresac
,,,,,,,,,Catnip
,,,,,,,Lady Angela,Hyperion,Gainsborough
,,,,,,,,,Selene
,,,,,,,,Sister Sarah,Abbots Trace
,,,,,,,,,Sarita
,,,,,,Natalma,Native Dancer,Polynesian,Unbreakable
,,,,,,,,,Black Polly
,,,,,,,,Geisha,Discovery
,,,,,,,,,Miyako
,,,,,,,Almahmoud,Mahmoud,Blenheim
,,,,,,,,,Mah Mahal
,,,,,,,,Arbitrator,Peace Chance
,,,,,,,,,Mother Goose
,,,,,Special,Forli,Aristophanes,Hyperion,Gainsborough
,,,,,,,,,Selene
,,,,,,,,Commotion,Mieuxce
,,,,,,,,,Riot
,,,,,,,Trevisa,Advocate,Fair Trial
,,,,,,,,,Guiding Star
,,,,,,,,Veneta,Foxglove
,,,,,,,,,Dogaresa
,,,,,,Thong,Nantallah,Nasrullah,Nearco
,,,,,,,,,Mumtaz Begum
,,,,,,,,Shimmer,Flares
,,,,,,,,,Broad Ripple
,,,,,,,Rough Shod,Gold Bridge,Golden Boss
,,,,,,,,,Flying Diadem
,,,,,,,,Dalmary,Blandford
,,,,,,,,,Simon's Shoes
,,,,Pasadoble,Northern Dancer,Nearctic,Nearco,Pharos,Phalaris
,,,,,,,,,Scapa Flow
,,,,,,,,Nogara,Havresac
,,,,,,,,,Catnip
,,,,,,,Lady Angela,Hyperion,Gainsborough
,,,,,,,,,Selene
,,,,,,,,Sister Sarah,Abbots Trace
,,,,,,,,,Sarita
,,,,,,Natalma,Native Dancer,Polynesian,Unbreakable
,,,,,,,,,Black Polly
,,,,,,,,Geisha,Discovery
,,,,,,,,,Miyako
,,,,,,,Almahmoud,Mahmoud,Blenheim
,,,,,,,,,Mah Mahal
,,,,,,,,Arbitrator,Peace Chance
,,,,,,,,,Mother Goose
,,,,,Special,Forli,Aristophanes,Hyperion,Gainsborough
,,,,,,,,,Selene
,,,,,,,,Commotion,Mieuxce
,,,,,,,,,Riot
,,,,,,,Trevisa,Advocate,Fair Trial
,,,,,,,,,Guiding Star
,,,,,,,,Veneta,Foxglove
,,,,,,,,,Dogaresa
,,,,,,Thong,Nantallah,Nasrullah,Nearco
,,,,,,,,,Mumtaz Begum
,,,,,,,,Shimmer,Flares
,,,,,,,,,Broad Ripple
,,,,,,,Rough Shod,Gold Bridge,Golden Boss
,,,,,,,,,Flying Diadem
,,,,,,,,Dalmary,Blandford
,,,,,,,,,Simon's Shoes
,,マンファス,ラストタイクーン,トライマイベスト,Prove Out,Graustark,Ribot,Tenerani,Bellini
,,,,,,,,,Tofanella
,,,,,,,,Romanella,El Greco
,,,,,,,,,Barbara Burrini
,,,,,,,Flower Bowl,Alibhai,Hyperion
,,,,,,,,,Teresina
,,,,,,,,Flower Bed,Beau Pere
,,,,,,,,,Boudoir
,,,,,,Equal Venture,Bold Venture,St. Germans,Swynford
,,,,,,,,,Hamoaze
,,,,,,,,Possible,Ultimus
,,,,,,,,,Lida Flush
,,,,,,,Igual,Equipoise,Pennant
,,,,,,,,,Swinging
,,,,,,,,Incandescent,Chicle
,,,,,,,,,Masda
,,,,,Santa Quilla,Sanctus,Fine Top,Fine Art,Artist's Proof
,,,,,,,,,Finnoise
,,,,,,,,Toupie,Vatellor
,,,,,,,,,Tarentella
,,,,,,,Sanelta,Tourment,Tourbillon
,,,,,,,,,Fragment
,,,,,,,,Satanella,Mahmoud
,,,,,,,,,Avella
,,,,,,Neriad,Princequillo,Prince Rose,Rose Prince
,,,,,,,,,Indolence
,,,,,,,,Cosquilla,Papyrus
,,,,,,,,,Quick Thought
,,,,,,,Sea Change,Count Fleet,Reigh Count
,,,,,,,,,Quickly
,,,,,,,,Now What,Chance Play
,,,,,,,,,That's That
,,,,Mill Princess,Northern Dancer,Nearctic,Nearco,Pharos,Phalaris
,,,,,,,,,Scapa Flow
,,,,,,,,Nogara,Havresac
,,,,,,,,,Catnip
,,,,,,,Lady Angela,Hyperion,Gainsborough
,,,,,,,,,Selene
,,,,,,,,Sister Sarah,Abbots Trace
,,,,,,,,,Sarita
,,,,,,Natalma,Native Dancer,Polynesian,Unbreakable
,,,,,,,,,Black Polly
,,,,,,,,Geisha,Discovery
,,,,,,,,,Miyako
,,,,,,,Almahmoud,Mahmoud,Blenheim
,,,,,,,,,Mah Mahal
,,,,,,,,Arbitrator,Peace Chance
,,,,,,,,,Mother Goose
,,,,,Sex Appeal,Buckpasser,Tom Fool,Menow,Pharamond
,,,,,,,,,Alcibiades
,,,,,,,,Gaga,Bull Dog
,,,,,,,,,Alpoise
,,,,,,,Busanda,War Admiral,Man o'War
,,,,,,,,,Brushup
,,,,,,,,Businesslike,Blue Larkspur
,,,,,,,,,La Troienne
,,,,,,Best in Show,Traffic Judge,Alibhai,Hyperion
,,,,,,,,,Teresina
,,,,,,,,Traffic Court,Discovery
,,,,,,,,,Traffic
,,,,,,,Stolen Hour,Mr. Busher,War Admiral
,,,,,,,,,Baby League
,,,,,,,,Late Date,Hourless
,,,,,,,,,Herd Girl
,,,Pilot Bird,Blakeney,Mill Reef,Never Bend,Nasrullah,Nearco,Pharos
,,,,,,,,,Nogara
,,,,,,,,Mumtaz Begum,Blenheim
,,,,,,,,,Mumtaz Mahal
,,,,,,,Lalun,Djeddah,Djebel
,,,,,,,,,Djezima
,,,,,,,,Be Faithful,Bimelech
,,,,,,,,,Bloodroot
,,,,,,Milan Mill,Princequillo,Prince Rose,Rose Prince
,,,,,,,,,Indolence
,,,,,,,,Cosquilla,Papyrus
,,,,,,,,,Quick Thought
,,,,,,,Virginia Water,Count Fleet,Reigh Count
,,,,,,,,,Quickly
,,,,,,,,Red Ray,Hyperion
,,,,,,,,,Infra Red
,,,,,Irish Lass,Sayajirao,Nearco,Pharos,Phalaris
,,,,,,,,,Scapa Flow
,,,,,,,,Nogara,Havresac
,,,,,,,,,Catnip
,,,,,,,Rosy Legend,Dark Legend,Dark Ronald
,,,,,,,,,Golden Legend
,,,,,,,,Rosy Cheeks,St. Just
,,,,,,,,,Purity
,,,,,,Scollata,Niccolo Dell'Arca,Coronach,Hurry On
,,,,,,,,,Wet Kiss
,,,,,,,,Nogara,Havresac
,,,,,,,,,Catnip
,,,,,,,Cutaway,Fairway,Phalaris
,,,,,,,,,Scapa Flow
,,,,,,,,Schiaparelli,Schiavoni
,,,,,,,,,Aileen
,,,,The Dancer,Hethersett,Hugh Lupus,Djebel,Tourbillon,Ksar
,,,,,,,,,Durban
,,,,,,,,Loika,Gay Crusader
,,,,,,,,,Coeur a Coeur
,,,,,,,Sakountala,Goya,Tourbillon
,,,,,,,,,Zariba
,,,,,,,,Samos,Bruleur
,,,,,,,,,Samya
,,,,,,Bride Elect,Big Game,Bahram,Blandford
,,,,,,,,,Friar's Daughter
,,,,,,,,Myrobella,Tetratema
,,,,,,,,,Dolabella
,,,,,,,Netherton Maid,Nearco,Pharos
,,,,,,,,,Nogara
,,,,,,,,Phase,Windsor Lad
,,,,,,,,,Lost Soul
,,,,,Windmill Girl,Hornbeam,Hyperion,Gainsborough,Bayardo
,,,,,,,,,Rosedrop
,,,,,,,,Selene,Chaucer
,,,,,,,,,Serenissima
,,,,,,,Thicket,Nasrullah,Nearco
,,,,,,,,,Mumtaz Begum
,,,,,,,,Thorn Wood,Bois Roussel
,,,,,,,,,Point Duty
,,,,,,Chorus Beauty,Chanteur,Chateau Bouscaut,Kircubbin
,,,,,,,,,Ramondie
,,,,,,,,La Diva,Blue Skies
,,,,,,,,,La Traviata
,,,,,,,Neberna,Nearco,Pharos
,,,,,,,,,Nogara
,,,,,,,,Springtime,Apelle
,,,,,,,,,Fancy Free
,レディブラッサム,Storm Cat,Storm Bird,Northern Dancer,Green Dancer,Nijinsky,Northern Dancer,Nearctic,Nearco
,,,,,,,,,Lady Angela
,,,,,,,,Natalma,Native Dancer
,,,,,,,,,Almahmoud
,,,,,,,Flaming Page,Bull Page,Bull Lea
,,,,,,,,,Our Page
,,,,,,,,Flaring Top,Menow
,,,,,,,,,Flaming Top
,,,,,,Green Valley,Val de Loir,Vieux Manoir,Brantome
,,,,,,,,,Vieille Maison
,,,,,,,,Vali,Sunny Boy
,,,,,,,,,Her Slipper
,,,,,,,Sly Pola,Spy Song,Balladier
,,,,,,,,,Mata Hari
,,,,,,,,Ampola,Pavot
,,,,,,,,,Blue Denim
,,,,,Khazaeen,Charlottesville,Prince Chevalier,Prince Rose,Rose Prince
,,,,,,,,,Indolence
,,,,,,,,Chevalerie,Abbot's Speed
,,,,,,,,,Kassala
,,,,,,,Noorani,Nearco,Pharos
,,,,,,,,,Nogara
,,,,,,,,Empire Glory,Singapore
,,,,,,,,,Skyglory
,,,,,,Aimee,Tudor Minstrel,Owen Tudor,Hyperion
,,,,,,,,,Mary Tudor
,,,,,,,,Sansonnet,Sansovino
,,,,,,,,,Lady Juror
,,,,,,,Emali,Umidwar,Blandford
,,,,,,,,,Uganda
,,,,,,,,Eclair,Ethnarch
,,,,,,,,,Black Ray
,,,,South Ocean,Nearctic,Nearco,Pharos,Phalaris,Polymelus
,,,,,,,,,Bromus
,,,,,,,,Scapa Flow,Chaucer
,,,,,,,,,Anchora
,,,,,,,Nogara,Havresac,Rabelais
,,,,,,,,,Hors Concours
,,,,,,,,Catnip,Spearmint
,,,,,,,,,Sibola
,,,,,,Lady Angela,Hyperion,Gainsborough,Bayardo
,,,,,,,,,Rosedrop
,,,,,,,,Selene,Chaucer
,,,,,,,,,Serenissima
,,,,,,,Sister Sarah,Abbots Trace,Tracery
,,,,,,,,,Abbots Anne
,,,,,,,,Sarita,Swynford
,,,,,,,,,Molly Desmond
,,,,,Natalma,Native Dancer,Polynesian,Unbreakable,Sickle
,,,,,,,,,Blue Glass
,,,,,,,,Black Polly,Polymelian
,,,,,,,,,Black Queen
,,,,,,,Geisha,Discovery,Display
,,,,,,,,,Ariadne
,,,,,,,,Miyako,John P. Grier
,,,,,,,,,La Chica
,,,,,,Almahmoud,Mahmoud,Blenheim,Blandford
,,,,,,,,,Malva
,,,,,,,,Mah Mahal,Gainsborough
,,,,,,,,,Mumtaz Mahal
,,,,,,,Arbitrator,Peace Chance,Chance Shot
,,,,,,,,,Peace
,,,,,,,,Mother Goose,Chicle
,,,,,,,,,Flying Witch
,,,Terlingua,Secretariat,Nearctic,Nearco,Pharos,Phalaris,Polymelus
,,,,,,,,,Bromus
,,,,,,,,Scapa Flow,Chaucer
,,,,,,,,,Anchora
,,,,,,,Nogara,Havresac,Rabelais
,,,,,,,,,Hors Concours
,,,,,,,,Catnip,Spearmint
,,,,,,,,,Sibola
,,,,,,Lady Angela,Hyperion,Gainsborough,Bayardo
,,,,,,,,,Rosedrop
,,,,,,,,Selene,Chaucer
,,,,,,,,,Serenissima
,,,,,,,Sister Sarah,Abbots Trace,Tracery
,,,,,,,,,Abbots Anne
,,,,,,,,Sarita,Swynford
,,,,,,,,,Molly Desmond
,,,,,Natalma,Native Dancer,Polynesian,Unbreakable,Sickle
,,,,,,,,,Blue Glass
,,,,,,,,Black Polly,Polymelian
,,,,,,,,,Black Queen
,,,,,,,Geisha,Discovery,Display
,,,,,,,,,Ariadne
,,,,,,,,Miyako,John P. Grier
,,,,,,,,,La Chica
,,,,,,Almahmoud,Mahmoud,Blenheim,Blandford
,,,,,,,,,Malva
,,,,,,,,Mah Mahal,Gainsborough
,,,,,,,,,Mumtaz Mahal
,,,,,,,Arbitrator,Peace Chance,Chance Shot
,,,,,,,,,Peace
,,,,,,,,Mother Goose,Chicle
,,,,,,,,,Flying Witch
,,,,Crimson Saint,New Providence,Bull Page,Bull Lea,Bull Dog,Teddy
,,,,,,,,,Plucky Liege
,,,,,,,,Rose Leaves,Ballot
,,,,,,,,,Colonial
,,,,,,,Our Page,Blue Larkspur,Black Servant
,,,,,,,,,Blossom Time
,,,,,,,,Occult,Dis Donc
,,,,,,,,,Bonnie Witch
,,,,,,Fair Colleen,Preciptic,Precipitation,Hurry On
,,,,,,,,,Double Life
,,,,,,,,Artistic,Gainsborough
,,,,,,,,,Ishtar
,,,,,,,Fairvale,Fairford,Fairway
,,,,,,,,,Pallet Crag
,,,,,,,,Vallema,Tetratema
,,,,,,,,,Valla
,,,,,Shining Sun,Chop Chop,Flares,Gallant Fox,Sir Gallahad
,,,,,,,,,Marguerite
,,,,,,,,Flambino,Wrack
,,,,,,,,,Flambette
,,,,,,,Sceptical,Buchan,Sunstar
,,,,,,,,,Hamoaze
,,,,,,,,Clodagh,Tredennis
,,,,,,,,,Clare
,,,,,,Solar Display,Sun Again,Sun Teddy,Teddy
,,,,,,,,,Sunmelia
,,,,,,,,Hug Again,Stimulus
,,,,,,,,,Affection
,,,,,,,Dark Display,Display,Fair Play
,,,,,,,,,Cicuta
,,,,,,,,Dark Loveliness,Traumer
,,,,,,,,,Sunny Love
,,サラトガデュー,Cormorant,His Majesty,Bold Ruler,Nasrullah,Nearco,Pharos,Phalaris
,,,,,,,,,Scapa Flow
,,,,,,,,Nogara,Havresac
,,,,,,,,,Catnip
,,,,,,,Mumtaz Begum,Blenheim,Blandford
,,,,,,,,,Malva
,,,,,,,,Mumtaz Mahal,The Tetrarch
,,,,,,,,,Lady Josephine
,,,,,,Miss Disco,Discovery,Display,Fair Play
,,,,,,,,,Cicuta
,,,,,,,,Ariadne,Light Brigade
,,,,,,,,,Adrienne
,,,,,,,Outdone,Pompey,Sun Briar
,,,,,,,,,Cleopatra
,,,,,,,,Sweep Out,Sweep On
,,,,,,,,,Dugout
,,,,,Somethingroyal,Princequillo,Prince Rose,Rose Prince,Prince Palatine
,,,,,,,,,Eglantine
,,,,,,,,Indolence,Gay Crusader
,,,,,,,,,Barrier
,,,,,,,Cosquilla,Papyrus,Tracery
,,,,,,,,,Miss Matty
,,,,,,,,Quick Thought,White Eagle
,,,,,,,,,Mindful
,,,,,,Imperatrice,Caruso,Polymelian,Polymelus
,,,,,,,,,Pasquita
,,,,,,,,Sweet Music,Harmonicon
,,,,,,,,,Isette
,,,,,,,Cinquepace,Brown Bud,Brown Prince
,,,,,,,,,June Rose
,,,,,,,,Assignation,Teddy
,,,,,,,,,Cinq a Sept
,,,,Song Sparrow,Crimson Satan,Spy Song,Balladier,Black Toney,Peter Pan
,,,,,,,,,Belgravia
,,,,,,,,Blue Warbler,North Star
,,,,,,,,,May Bird
,,,,,,,Mata Hari,Peter Hastings,Peter Pan
,,,,,,,,,Nettie Hastings
,,,,,,,,War Woman,Man o'War
,,,,,,,,,Topaz
,,,,,,Papila,Requiebro,Re-Echo,Reverberation
,,,,,,,,,Mabille
,,,,,,,,Trepadora,Tracery
,,,,,,,,,Vis a Vis
,,,,,,,Papalona,Papanatas,Pippermint
,,,,,,,,,Kouba
,,,,,,,,Tarumba,Val d'Or
,,,,,,,,,Eglantine
,,,,,Bolero Rose,Bolero,Eight Thirty,Pilate,Friar Rock
,,,,,,,,,Herodias
,,,,,,,,Dinner Time,High Time
,,,,,,,,,Seaplane
,,,,,,,Stepwisely,Wise Counsellor,Mentor
,,,,,,,,,Rustle
,,,,,,,,Stephanie,Stefan the Great
,,,,,,,,,Malachite
,,,,,,First Rose,Menow,Pharamond,Phalaris
,,,,,,,,,Selene
,,,,,,,,Alcibiades,Supremus
,,,,,,,,,Regal Roman
,,,,,,,Rare Bloom,Sir Gallahad,Teddy
,,,,,,,,,Plucky Liege
,,,,,,,,Rowes Bud,Broomstick
,,,,,,,,,Cherokee Rose
,,,Super Luna,In Reality,Ribot,Tenerani,Bellini,Cavaliere d'Arpino,Havresac
,,,,,,,,,Chuette
,,,,,,,,Bella Minna,Bachelor's Double
,,,,,,,,,Santa Minna
,,,,,,,Tofanella,Apelle,Sardanapale
,,,,,,,,,Angelina
,,,,,,,,Try Try Again,Cylgad
,,,,,,,,,Perseverance
,,,,,,Romanella,El Greco,Pharos,Phalaris
,,,,,,,,,Scapa Flow
,,,,,,,,Gay Gamp,Gay Crusader
,,,,,,,,,Parasol
,,,,,,,Barbara Burrini,Papyrus,Tracery
,,,,,,,,,Miss Matty
,,,,,,,,Bucolic,Buchan
,,,,,,,,,Volcanic
,,,,,Flower Bowl,Alibhai,Hyperion,Gainsborough,Bayardo
,,,,,,,,,Rosedrop
,,,,,,,,Selene,Chaucer
,,,,,,,,,Serenissima
,,,,,,,Teresina,Tracery,Rock Sand
,,,,,,,,,Topiary
,,,,,,,,Blue Tit,Wildfowler
,,,,,,,,,Petit Bleu
,,,,,,Flower Bed,Beau Pere,Son-in-Law,Dark Ronald
,,,,,,,,,Mother in Law
,,,,,,,,Cinna,Polymelus
,,,,,,,,,Baroness La Fleche
,,,,,,,Boudoir,Mahmoud,Blenheim
,,,,,,,,,Mah Mahal
,,,,,,,,Kampala,Clarissimus
,,,,,,,,,La Soupe
,,,,Alada,Tudor Minstrel,Owen Tudor,Hyperion,Gainsborough,Bayardo
,,,,,,,,,Rosedrop
,,,,,,,,Selene,Chaucer
,,,,,,,,,Serenissima
,,,,,,,Mary Tudor,Pharos,Phalaris
,,,,,,,,,Scapa Flow
,,,,,,,,Anna Bolena,Teddy
,,,,,,,,,Queen Elizabeth
,,,,,,Sansonnet,Sansovino,Swynford,John o'Gaunt
,,,,,,,,,Canterbury Pilgrim
,,,,,,,,Gondolette,Loved One
,,,,,,,,,Dongola
,,,,,,,Lady Juror,Son-in-Law,Dark Ronald
,,,,,,,,,Mother in Law
,,,,,,,,Lady Josephine,Sundridge
,,,,,,,,,Americus Girl
,,,,,Swoon's Tune,Swoon's Son,The Doge,Bull Dog,Teddy
,,,,,,,,,Plucky Liege
,,,,,,,,My Auntie,Busy American
,,,,,,,,,Babe K.
,,,,,,,Swoon,Sweep Like,Sweep
,,,,,,,,,Lady Braxted
,,,,,,,,Sadie Greenock,Greenock
,,,,,,,,,Silk Lady
,,,,,,Recess,Count Fleet,Reigh Count,Sunreigh
,,,,,,,,,Contessina
,,,,,,,,Quickly,Haste
,,,,,,,,,Stephanie
,,,,,,,Recce,Mahmoud,Blenheim
,,,,,,,,,Mah Mahal
,,,,,,,,Schwester,Pennant
,,,,,,,,,Swinging
フレンチノワール,フレンチデピュティ,Deputy Minister,Vice Regent,Northern Dancer,Intentionally,Intent,War Relic,Man o'War,Fair Play
,,,,,,,,,Mahubah
,,,,,,,,Friar's Carse,Friar Rock
,,,,,,,,,Problem
,,,,,,,Liz F.,Bubbling Over,North Star
,,,,,,,,,Beaming Beauty
,,,,,,,,Weno,Whisk Broom
,,,,,,,,,Rosie O'Grady
,,,,,,My Recipe,Discovery,Display,Fair Play
,,,,,,,,,Cicuta
,,,,,,,,Ariadne,Light Brigade
,,,,,,,,,Adrienne
,,,,,,,Perlette,Percentage,Midway
,,,,,,,,,Gossip Avenue
,,,,,,,,Escarpolette,Fitz Herbert
,,,,,,,,,Balancoire
,,,,,My Dear Girl,Rough'n Tumble,Free For All,Questionnaire,Sting
,,,,,,,,,Miss Puzzle
,,,,,,,,Panay,Chicle
,,,,,,,,,Panasette
,,,,,,,Roused,Bull Dog,Teddy
,,,,,,,,,Plucky Liege
,,,,,,,,Rude Awakening,Upset
,,,,,,,,,Cushion
,,,,,,Iltis,War Relic,Man o'War,Fair Play
,,,,,,,,,Mahubah
,,,,,,,,Friar's Carse,Friar Rock
,,,,,,,,,Problem
,,,,,,,We Hail,Balladier,Black Toney
,,,,,,,,,Blue Warbler
,,,,,,,,Clonaslee,Orpiment
,,,,,,,,,Bullet Proof
,,,,Victoria Regina,Riva Ridge,First Landing,Turn-to,Royal Charger,Nearco
,,,,,,,,,Sun Princess
,,,,,,,,Source Sucree,Admiral Drake
,,,,,,,,,Lavendula
,,,,,,,Hildene,Bubbling Over,North Star
,,,,,,,,,Beaming Beauty
,,,,,,,,Fancy Racket,Wrack
,,,,,,,,,Ultimate Fancy
,,,,,,Iberia,Heliopolis,Hyperion,Gainsborough
,,,,,,,,,Selene
,,,,,,,,Drift,Swynford
,,,,,,,,,Santa Cruz
,,,,,,,War East,Easton,Dark Legend
,,,,,,,,,Phaona
,,,,,,,,Warrior Lass,Man o'War
,,,,,,,,,Sweetheart
,,,,,Syrian Sea,Bold Ruler,Nasrullah,Nearco,Pharos
,,,,,,,,,Nogara
,,,,,,,,Mumtaz Begum,Blenheim
,,,,,,,,,Mumtaz Mahal
,,,,,,,Miss Disco,Discovery,Display
,,,,,,,,,Ariadne
,,,,,,,,Outdone,Pompey
,,,,,,,,,Sweep Out
,,,,,,Somethingroyal,Princequillo,Prince Rose,Rose Prince
,,,,,,,,,Indolence
,,,,,,,,Cosquilla,Papyrus
,,,,,,,,,Quick Thought
,,,,,,,Imperatrice,Caruso,Polymelian
,,,,,,,,,Sweet Music
,,,,,,,,Cinquepace,Brown Bud
,,,,,,,,,Assignation
,,,Mint Copy,Bunty's Flight,Nearctic,Nearco,Pharos,Phalaris,Polymelus
,,,,,,,,,Bromus
,,,,,,,,Scapa Flow,Chaucer
,,,,,,,,,Anchora
,,,,,,,Nogara,Havresac,Rabelais
,,,,,,,,,Hors Concours
,,,,,,,,Catnip,Spearmint
,,,,,,,,,Sibola
,,,,,,Lady Angela,Hyperion,Gainsborough,Bayardo
,,,,,,,,,Rosedrop
,,,,,,,,Selene,Chaucer
,,,,,,,,,Serenissima
,,,,,,,Sister Sarah,Abbots Trace,Tracery
,,,,,,,,,Abbots Anne
,,,,,,,,Sarita,Swynford
,,,,,,,,,Molly Desmond
,,,,,Natalma,Native Dancer,Polynesian,Unbreakable,Sickle
,,,,,,,,,Blue Glass
,,,,,,,,Black Polly,Polymelian
,,,,,,,,,Black Queen
,,,,,,,Geisha,Discovery,Display
,,,,,,,,,Ariadne
,,,,,,,,Miyako,John P. Grier
,,,,,,,,,La Chica
,,,,,,Almahmoud,Mahmoud,Blenheim,Blandford
,,,,,,,,,Malva
,,,,,,,,Mah Mahal,Gainsborough
,,,,,,,,,Mumtaz Mahal
,,,,,,,Arbitrator,Peace Chance,Chance Shot
,,,,,,,,,Peace
,,,,,,,,Mother Goose,Chicle
,,,,,,,,,Flying Witch
,,,,Shakney,Nearctic,Nearco,Pharos,Phalaris,Polymelus
,,,,,,,,,Bromus
,,,,,,,,Scapa Flow,Chaucer
,,,,,,,,,Anchora
,,,,,,,Nogara,Havresac,Rabelais
,,,,,,,,,Hors Concours
,,,,,,,,Catnip,Spearmint
,,,,,,,,,Sibola
,,,,,,Lady Angela,Hyperion,Gainsborough,Bayardo
,,,,,,,,,Rosedrop
,,,,,,,,Selene,Chaucer
,,,,,,,,,Serenissima
,,,,,,,Sister Sarah,Abbots Trace,Tracery
,,,,,,,,,Abbots Anne
,,,,,,,,Sarita,Swynford
,,,,,,,,,Molly Desmond
,,,,,Natalma,Native Dancer,Polynesian,Unbreakable,Sickle
,,,,,,,,,Blue Glass
,,,,,,,,Black Polly,Polymelian
,,,,,,,,,Black Queen
,,,,,,,Geisha,Discovery,Display
,,,,,,,,,Ariadne
,,,,,,,,Miyako,John P. Grier
,,,,,,,,,La Chica
,,,,,,Almahmoud,Mahmoud,Blenheim,Blandford
,,,,,,,,,Malva
,,,,,,,,Mah Mahal,Gainsborough
,,,,,,,,,Mumtaz Mahal
,,,,,,,Arbitrator,Peace Chance,Chance Shot
,,,,,,,,,Peace
,,,,,,,,Mother Goose,Chicle
,,,,,,,,,Flying Witch
,,Mitterand,Hold Your Peace,Speak John,Menetrier,Fair Copy,Fairway,Phalaris,Polymelus
,,,,,,,,,Bromus
,,,,,,,,Scapa Flow,Chaucer
,,,,,,,,,Anchora
,,,,,,,Composure,Buchan,Sunstar
,,,,,,,,,Hamoaze
,,,,,,,,Serenissima,Minoru
,,,,,,,,,Gondolette
,,,,,,La Melodie,Gold Bridge,Golden Boss,The Boss
,,,,,,,,,Golden Hen
,,,,,,,,Flying Diadem,Diadumenos
,,,,,,,,,Flying Bridge
,,,,,,,La Souriciere,McKinley,Macdonald
,,,,,,,,,Mrs. Despard
,,,,,,,,La Panade,Negofol
,,,,,,,,,La Pucelle
,,,,,Victoriana,Windfields,Bunty Lawless,Ladder,Ladkin
,,,,,,,,,Panoply
,,,,,,,,Mintwina,Mint Briar
,,,,,,,,,Edwina
,,,,,,,Nandi,Stimulus,Ultimus
,,,,,,,,,Hurakan
,,,,,,,,Golden Feast,Golden Sun
,,,,,,,,,Mi-Careme
,,,,,,Iribelle,Osiris,Papyrus,Tracery
,,,,,,,,,Miss Matty
,,,,,,,,Most Beautiful,Great Sport
,,,,,,,,,Rayon
,,,,,,,Belmona,King James,Plaudit
,,,,,,,,,Unsightly
,,,,,,,,Belmon,Superman
,,,,,,,,,Bellamia
,,,,Blue Moon,Bunty Lawless,Ladder,Ladkin,Fair Play,Hastings
,,,,,,,,,Fairy Gold
,,,,,,,,Lading,Negofol
,,,,,,,,,Lady Amelia
,,,,,,,Panoply,Peter Pan,Commando
,,,,,,,,,Cinderella
,,,,,,,,Inaugural,Voter
,,,,,,,,,Court Dress
,,,,,,Mintwina,Mint Briar,Assagai,Spearmint
,,,,,,,,,Charm
,,,,,,,,Sweet Briar,St. Frusquin
,,,,,,,,,Presentation
,,,,,,,Edwina,Celt,Commando
,,,,,,,,,Maid of Erin
,,,,,,,,Lady Godiva,Hanover
,,,,,,,,,Edith Gray
,,,,,Broomflight,Deil,Diavolo,Whisk Broom,Broomstick
,,,,,,,,,Audience
,,,,,,,,Vexatious,Peter Pan
,,,,,,,,,Contrary
,,,,,,,Gallant Lady,Sir Gallahad,Teddy
,,,,,,,,,Plucky Liege
,,,,,,,,Peroration,Clarissimus
,,,,,,,,,Rhetoric
,,,,,,Air Post,Ariel,Eternal,Sweep
,,,,,,,,,Hazel Burke
,,,,,,,,Adana,Adam
,,,,,,,,,Mannie Himyar
,,,,,,,Posted,Swift and Sure,Swynford
,,,,,,,,,Good and Gay
,,,,,,,,Postage,Fair Play
,,,,,,,,,Post Mark
,,,Laredo Lass,Bold Ruler,Jabneh,Bimelech,Black Toney,Peter Pan,Commando
,,,,,,,,,Cinderella
,,,,,,,,Belgravia,Ben Brush
,,,,,,,,,Bonnie Gal
,,,,,,,La Troienne,Teddy,Ajax
,,,,,,,,,Rondeau
,,,,,,,,Helene de Troie,Helicon
,,,,,,,,,Lady of Pedigree
,,,,,,Bellesoeur,Beau Pere,Son-in-Law,Dark Ronald
,,,,,,,,,Mother in Law
,,,,,,,,Cinna,Polymelus
,,,,,,,,,Baroness La Fleche
,,,,,,,Donatrice,Donatello,Blenheim
,,,,,,,,,Delleana
,,,,,,,,Tivoli,Teddy
,,,,,,,,,Tiara
,,,,,Grass Shack,Polynesian,Unbreakable,Sickle,Phalaris
,,,,,,,,,Selene
,,,,,,,,Blue Glass,Prince Palatine
,,,,,,,,,Hour Glass
,,,,,,,Black Polly,Polymelian,Polymelus
,,,,,,,,,Pasquita
,,,,,,,,Black Queen,Pompey
,,,,,,,,,Black Maria
,,,,,,Good Example,Pilate,Friar Rock,Rock Sand
,,,,,,,,,Fairy Gold
,,,,,,,,Herodias,The Tetrarch
,,,,,,,,,Honora
,,,,,,,Parade Girl,Display,Fair Play
,,,,,,,,,Cicuta
,,,,,,,,Panoply,Peter Pan
,,,,,,,,,Inaugural
,,,,Fortunate Isle,Prince John,Princequillo,Prince Rose,Rose Prince,Prince Palatine
,,,,,,,,,Eglantine
,,,,,,,,Indolence,Gay Crusader
,,,,,,,,,Barrier
,,,,,,,Cosquilla,Papyrus,Tracery
,,,,,,,,,Miss Matty
,,,,,,,,Quick Thought,White Eagle
,,,,,,,,,Mindful
,,,,,,Not Afraid,Count Fleet,Reigh Count,Sunreigh
,,,,,,,,,Contessina
,,,,,,,,Quickly,Haste
,,,,,,,,,Stephanie
,,,,,,,Banish Fear,Blue Larkspur,Black Servant
,,,,,,,,,Blossom Time
,,,,,,,,Herodiade,Over There
,,,,,,,,,Herodias
,,,,,Nuit de Folies,Tornado,Tourbillon,Ksar,Bruleur
,,,,,,,,,Kizil Kourgan
,,,,,,,,Durban,Durbar
,,,,,,,,,Banshee
,,,,,,,Roseola,Swynford,John o'Gaunt
,,,,,,,,,Canterbury Pilgrim
,,,,,,,,Roseway,Stornoway
,,,,,,,,,Rose of Ayrshire
,,,,,,Folle Nuit,Astrophel,Asterus,Teddy
,,,,,,,,,Astrella
,,,,,,,,Dorina,La Farina
,,,,,,,,,Dora Agnes
,,,,,,,Folle Passion,Massine,Consols
,,,,,,,,,Mauri
,,,,,,,,Hot Bed,Mushroom
,,,,,,,,,Hot Water Bag
,パープルホワイト,フジキセキ,サンデーサイレンス,Halo,Eight Thirty,Pilate,Friar Rock,Rock Sand,Sainfoin
,,,,,,,,,Roquebrune
,,,,,,,,Fairy Gold,Bend Or
,,,,,,,,,Dame Masham
,,,,,,,Herodias,The Tetrarch,Roi Herode
,,,,,,,,,Vahren
,,,,,,,,Honora,Gallinule
,,,,,,,,,Word of Honour
,,,,,,Dinner Time,High Time,Ultimus,Commando
,,,,,,,,,Running Stream
,,,,,,,,Noonday,Domino
,,,,,,,,,Sundown
,,,,,,,Seaplane,Man o'War,Fair Play
,,,,,,,,,Mahubah
,,,,,,,,Bathing Girl,Spearmint
,,,,,,,,,Summer Girl
,,,,,Blue Grail,Blue Larkspur,Black Servant,Black Toney,Peter Pan
,,,,,,,,,Belgravia
,,,,,,,,Padula,Laveno
,,,,,,,,,Padua
,,,,,,,Blossom Time,North Star,Sunstar
,,,,,,,,,Angelic
,,,,,,,,Vaila,Fariman
,,,,,,,,,Padilla
,,,,,,Ample,Sir Gallahad,Teddy,Ajax
,,,,,,,,,Rondeau
,,,,,,,,Plucky Liege,Spearmint
,,,,,,,,,Concertina
,,,,,,,Adequate,Pennant,Peter Pan
,,,,,,,,,Royal Rose
,,,,,,,,Disparity,Singleton
,,,,,,,,,Dissembler
,,,,Wishing Well,Nasrullah,Nearco,Pharos,Phalaris,Polymelus
,,,,,,,,,Bromus
,,,,,,,,Scapa Flow,Chaucer
,,,,,,,,,Anchora
,,,,,,,Nogara,Havresac,Rabelais
,,,,,,,,,Hors Concours
,,,,,,,,Catnip,Spearmint
,,,,,,,,,Sibola
,,,,,,Mumtaz Begum,Blenheim,Blandford,Swynford
,,,,,,,,,Blanche
,,,,,,,,Malva,Charles O'Malley
,,,,,,,,,Wild Arum
,,,,,,,Mumtaz Mahal,The Tetrarch,Roi Herode
,,,,,,,,,Vahren
,,,,,,,,Lady Josephine,Sundridge
,,,,,,,,,Americus Girl
,,,,,Miss Disco,Discovery,Display,Fair Play,Hastings
,,,,,,,,,Fairy Gold
,,,,,,,,Cicuta,Nassovian
,,,,,,,,,Hemlock
,,,,,,,Ariadne,Light Brigade,Picton
,,,,,,,,,Bridge of Sighs
,,,,,,,,Adrienne,His Majesty
,,,,,,,,,Adriana
,,,,,,Outdone,Pompey,Sun Briar,Sundridge
,,,,,,,,,Sweet Briar
,,,,,,,,Cleopatra,Corcyra
,,,,,,,,,Gallice
,,,,,,,Sweep Out,Sweep On,Sweep
,,,,,,,,,Yodler
,,,,,,,,Dugout,Under Fire
,,,,,,,,,Cloak
,,,ミルレーサー,Le Fabuleux,Ambiorix,Tourbillon,Ksar,Bruleur,Chouberski
,,,,,,,,,Basse Terre
,,,,,,,,Kizil Kourgan,Omnium
,,,,,,,,,Kasbah
,,,,,,,Durban,Durbar,Rabelais
,,,,,,,,,Armenia
,,,,,,,,Banshee,Irish Lad
,,,,,,,,,Frizette
,,,,,,Lavendula,Pharos,Phalaris,Polymelus
,,,,,,,,,Bromus
,,,,,,,,Scapa Flow,Chaucer
,,,,,,,,,Anchora
,,,,,,,Sweet Lavender,Swynford,John o'Gaunt
,,,,,,,,,Canterbury Pilgrim
,,,,,,,,Marchetta,Marco
,,,,,,,,,Hettie Sorrel
,,,,,Slippy,Haltal,The Porter,Sweep,Ben Brush
,,,,,,,,,Pink Domino
,,,,,,,,Ballet Girl,St. Leonards
,,,,,,,,,Cerito
,,,,,,,False Modesty,Whisk Broom,Broomstick
,,,,,,,,,Audience
,,,,,,,,Prudish,Peter Pan
,,,,,,,,,Polly Flinders
,,,,,,Hot Slippers,Our Boots,Bull Dog,Teddy
,,,,,,,,,Plucky Liege
,,,,,,,,Maid of Arches,Warden of the Marche
,,,,,,,,,Rodomontade
,,,,,,,Tropic Night,Stimulus,Ultimus
,,,,,,,,,Hurakan
,,,,,,,,Lady Lovely,Orinoco
,,,,,,,,,Lady Lucan
,,,,Marston's Mill,Hail to Reason,Turn-to,Royal Charger,Nearco,Pharos
,,,,,,,,,Nogara
,,,,,,,,Sun Princess,Solario
,,,,,,,,,Mumtaz Begum
,,,,,,,Source Sucree,Admiral Drake,Craig an Eran
,,,,,,,,,Plucky Liege
,,,,,,,,Lavendula,Pharos
,,,,,,,,,Sweet Lavender
,,,,,,Nothirdchance,Blue Swords,Blue Larkspur,Black Servant
,,,,,,,,,Blossom Time
,,,,,,,,Flaming Swords,Man o'War
,,,,,,,,,Exalted
,,,,,,,Galla Colors,Sir Gallahad,Teddy
,,,,,,,,,Plucky Liege
,,,,,,,,Rouge et Noir,St. Germans
,,,,,,,,,Baton Rouge
,,,,,Cosmah,Cosmic Bomb,Pharamond,Phalaris,Polymelus
,,,,,,,,,Bromus
,,,,,,,,Selene,Chaucer
,,,,,,,,,Serenissima
,,,,,,,Banish Fear,Blue Larkspur,Black Servant
,,,,,,,,,Blossom Time
,,,,,,,,Herodiade,Over There
,,,,,,,,,Herodias
,,,,,,Almahmoud,Mahmoud,Blenheim,Blandford
,,,,,,,,,Malva
,,,,,,,,Mah Mahal,Gainsborough
,,,,,,,,,Mumtaz Mahal
,,,,,,,Arbitrator,Peace Chance,Chance Shot
,,,,,,,,,Peace
,,,,,,,,Mother Goose,Chicle
,,,,,,,,,Flying Witch
,,カノープス,Theatrical,Nureyev,Understanding,Promised Land,Palestinian,Sun Again,Sun Teddy
,,,,,,,,,Hug Again
,,,,,,,,Dolly Whisk,Whiskaway
,,,,,,,,,Dolly Seth
,,,,,,,Mahmoudess,Mahmoud,Blenheim
,,,,,,,,,Mah Mahal
,,,,,,,,Forever Yours,Toro
,,,,,,,,,Winsome Way
,,,,,,Pretty Ways,Stymie,Equestrian,Equipoise
,,,,,,,,,Frilette
,,,,,,,,Stop Watch,On Watch
,,,,,,,,,Sunset Gun
,,,,,,,Pretty Jo,Bull Lea,Bull Dog
,,,,,,,,,Rose Leaves
,,,,,,,,Fib,Westy Hogan
,,,,,,,,,Hyperbole
,,,,,Mountain Flower,Montparnasse,Gulf Stream,Hyperion,Gainsborough
,,,,,,,,,Selene
,,,,,,,,Tide-way,Fairway
,,,,,,,,,Drift
,,,,,,,Mignon,Fox Cub,Foxhunter
,,,,,,,,,Dorina
,,,,,,,,Mi Condesa,Barranquero
,,,,,,,,,Pethy
,,,,,,Edelweiss,Hillary,Khaled,Hyperion
,,,,,,,,,Eclair
,,,,,,,,Snow Bunny,Boswell
,,,,,,,,,La Rose
,,,,,,,Dowager,Free France,Man o'War
,,,,,,,,,La France
,,,,,,,,Marcellina,Figaro
,,,,,,,,,Belle Mere
,,,,ツリーオブノレッジ,Wild Risk,Rialto,Rabelais,St. Simon,Galopin
,,,,,,,,,St. Angela
,,,,,,,,Satirical,Satiety
,,,,,,,,,Chaff
,,,,,,,La Grelee,Helicon,Cyllene
,,,,,,,,,Vain Duchess
,,,,,,,,Grignousse,Kilglass
,,,,,,,,,Simper
,,,,,,Wild Violet,Blandford,Swynford,John o'Gaunt
,,,,,,,,,Canterbury Pilgrim
,,,,,,,,Blanche,White Eagle
,,,,,,,,,Black Cherry
,,,,,,,Wood Violet,Ksar,Bruleur
,,,,,,,,,Kizil Kourgan
,,,,,,,,Pervencheres,Maboul
,,,,,,,,,Poet's Star
,,,,,Anguar,Verso,Pinceau,Alcantara,Perth
,,,,,,,,,Toison d'or
,,,,,,,,Aquarelle,Childwick
,,,,,,,,,Temesvar
,,,,,,,Variete,La Farina,Sans Souci
,,,,,,,,,Malatesta
,,,,,,,,Vaya,Beppo
,,,,,,,,,Waterhen
,,,,,,La Rochelle,Easton,Dark Legend,Dark Ronald
,,,,,,,,,Golden Legend
,,,,,,,,Phaona,Phalaris
,,,,,,,,,Destination
,,,,,,,Sans Tares,Sind,Solario
,,,,,,,,,Mirawala
,,,,,,,,Tara,Teddy
,,,,,,,,,Jean Gow
,,,Heather Bee,Drone,In Reality,Intentionally,Intent,War Relic,Man o'War
,,,,,,,,,Friar's Carse
,,,,,,,,Liz F.,Bubbling Over
,,,,,,,,,Weno
,,,,,,,My Recipe,Discovery,Display
,,,,,,,,,Ariadne
,,,,,,,,Perlette,Percentage
,,,,,,,,,Escarpolette
,,,,,,My Dear Girl,Rough'n Tumble,Free For All,Questionnaire
,,,,,,,,,Panay
,,,,,,,,Roused,Bull Dog
,,,,,,,,,Rude Awakening
,,,,,,,Iltis,War Relic,Man o'War
,,,,,,,,,Friar's Carse
,,,,,,,,We Hail,Balladier
,,,,,,,,,Clonaslee
,,,,,Millicent,Cornish Prince,Bold Ruler,Nasrullah,Nearco
,,,,,,,,,Mumtaz Begum
,,,,,,,,Miss Disco,Discovery
,,,,,,,,,Outdone
,,,,,,,Teleran,Eight Thirty,Pilate
,,,,,,,,,Dinner Time
,,,,,,,,Tellaris,Pharis
,,,,,,,,,Donatella
,,,,,,Milan Mill,Princequillo,Prince Rose,Rose Prince
,,,,,,,,,Indolence
,,,,,,,,Cosquilla,Papyrus
,,,,,,,,,Quick Thought
,,,,,,,Virginia Water,Count Fleet,Reigh Count
,,,,,,,,,Quickly
,,,,,,,,Red Ray,Hyperion
,,,,,,,,,Infra Red
,,,,Efficient,Northern Dancer,Nearctic,Nearco,Pharos,Phalaris
,,,,,,,,,Scapa Flow
,,,,,,,,Nogara,Havresac
,,,,,,,,,Catnip
,,,,,,,Lady Angela,Hyperion,Gainsborough
,,,,,,,,,Selene
,,,,,,,,Sister Sarah,Abbots Trace
,,,,,,,,,Sarita
,,,,,,Natalma,Native Dancer,Polynesian,Unbreakable
,,,,,,,,,Black Polly
,,,,,,,,Geisha,Discovery
,,,,,,,,,Miyako
,,,,,,,Almahmoud,Mahmoud,Blenheim
,,,,,,,,,Mah Mahal
,,,,,,,,Arbitrator,Peace Chance
,,,,,,,,,Mother Goose
,,,,,Special,Forli,Aristophanes,Hyperion,Gainsborough
,,,,,,,,,Selene
,,,,,,,,Commotion,Mieuxce
,,,,,,,,,Riot
,,,,,,,Trevisa,Advocate,Fair Trial
,,,,,,,,,Guiding Star
,,,,,,,,Veneta,Foxglove
,,,,,,,,,Dogaresa
,,,,,,Thong,Nantallah,Nasrullah,Nearco
,,,,,,,,,Mumtaz Begum
,,,,,,,,Shimmer,Flares
,,,,,,,,,Broad Ripple
,,,,,,,Rough Shod,Gold Bridge,Golden Boss
,,,,,,,,,Flying Diadem
,,,,,,,,Dalmary,Blandford
,,,,,,,,,Simon's Shoes
